"","area","noqual","leave","turnout","income","region","code"
"1","Aberdeen City",20,0.388954677,0.679404405,562.4,"Scotland","S12000033"
"2","Aberdeenshire",24,0.449881621,0.706339649,574.9,"Scotland","S12000034"
"3","Adur",26,0.545676757,0.764044713,500.4,"South East","E07000223"
"4","Allerdale",27,0.58647074,0.72915379,533.1,"North West","E07000026"
"5","Amber Valley",27,0.602831211,0.763414634,520.1,"East Midlands","E07000032"
"6","Angus",27,0.447382632,0.680330973,525.4,"Scotland","S12000041"
"7","Argyll and Bute",25,0.394323969,0.731280574,495.9,"Scotland","S12000035"
"8","Arun",25,0.624784646,0.778551794,486.2,"South East","E07000224"
"9","Ashfield",31,0.698366194,0.728349798,448.9,"East Midlands","E07000170"
"10","Ashford",21,0.594273923,0.771443723,548.6,"South East","E07000105"
"11","Aylesbury Vale",17,0.505049938,0.784636841,555.4,"South East","E07000004"
"12","Babergh",23,0.541852214,0.782607464,539.2,"East","E07000200"
"13","Barking and Dagenham",28,0.624390904,0.638457155,534.5,"London","E09000002"
"14","Barnet",16,0.377705191,0.721395105,629.8,"London","E09000003"
"15","Barnsley",32,0.683090742,0.699463622,469,"Yorkshire and The Humber","E08000016"
"16","Barrow-in-Furness",25,0.606170649,0.678666767,492.8,"North West","E07000027"
"17","Basildon",27,0.686241696,0.738647747,558.8,"East","E07000066"
"18","Basingstoke and Deane",17,0.519007655,0.780209361,622.6,"South East","E07000084"
"19","Bassetlaw",28,0.678349774,0.748185208,506.3,"East Midlands","E07000171"
"20","Bath and North East Somerset",17,0.421476765,0.771289609,522.3,"South West","E06000022"
"21","Bedford",20,0.517846769,0.720622438,553.2,"East","E06000055"
"22","Bexley",23,0.629516924,0.752844319,612.7,"London","E09000004"
"23","Birmingham",28,0.504215646,0.638117442,488.2,"West Midlands","E08000025"
"24","Blaby",22,0.594694622,0.765440459,568.7,"East Midlands","E07000129"
"25","Blackburn with Darwen",29,0.563356348,0.653315621,413,"North West","E06000008"
"26","Blackpool",31,0.674555859,0.654190359,392.4,"North West","E06000009"
"27","Blaenau Gwent",36,0.620280444,0.680772841,NA,"Wales","W06000019"
"28","Bolsover",33,0.708329362,0.723352221,428.1,"East Midlands","E07000033"
"29","Bolton",26,0.582930185,0.701033438,468.9,"North West","E08000001"
"30","Boston",33,0.75562426,0.772730737,411.2,"East Midlands","E07000136"
"31","Bournemouth",19,0.548843635,0.693006508,481.3,"South West","E06000028"
"32","Bracknell Forest",16,0.539405147,0.761119839,586.4,"South East","E06000036"
"33","Bradford",28,0.542317321,0.667204369,451.6,"Yorkshire and The Humber","E08000032"
"34","Braintree",23,0.611264437,0.766768536,592.1,"East","E07000067"
"35","Breckland",28,0.642233643,0.743446242,457.3,"East","E07000143"
"36","Brent",19,0.402630885,0.651405567,551.4,"London","E09000005"
"37","Brentwood",19,0.591533916,0.794936795,720,"East","E07000068"
"38","Bridgend",28,0.546398547,0.711824829,NA,"Wales","W06000013"
"39","Brighton and Hove",16,0.313802625,0.740520341,546.6,"South East","E06000043"
"40","Bristol, City of",20,0.382665412,0.731851567,508,"South West","E06000023"
"41","Broadland",23,0.543730785,0.783676225,526.7,"East","E07000144"
"42","Bromley",18,0.493520874,0.788731299,681,"London","E09000006"
"43","Bromsgrove",21,0.553651279,0.793514898,602.6,"West Midlands","E07000234"
"44","Broxbourne",26,0.662564869,0.737814688,615.4,"East","E07000095"
"45","Broxtowe",23,0.546479993,0.783175625,561.6,"East Midlands","E07000172"
"46","Burnley",29,0.66612799,0.672499651,421.8,"North West","E07000117"
"47","Bury",23,0.541176703,0.714293785,516.8,"North West","E08000002"
"48","Caerphilly",31,0.576330388,0.707395203,NA,"Wales","W06000018"
"49","Calderdale",24,0.55676186,0.710533195,500.9,"Yorkshire and The Humber","E08000033"
"50","Cambridge",12,0.261544317,0.722274929,583.3,"East","E07000008"
"51","Camden",13,0.25057551,0.655196837,719.8,"London","E09000007"
"52","Cannock Chase",28,0.688603531,0.714704706,490.7,"West Midlands","E07000192"
"53","Canterbury",20,0.510420729,0.750509602,583.4,"South East","E07000106"
"54","Cardiff",21,0.39984906,0.696596892,NA,"Wales","W06000015"
"55","Carlisle",25,0.601427542,0.745357196,428,"North West","E07000028"
"56","Carmarthenshire",27,0.537496967,0.74070403,NA,"Wales","W06000010"
"57","Castle Point",30,0.726993924,0.753833866,565.9,"East","E07000069"
"58","Central Bedfordshire",19,0.561283091,0.778886688,574.8,"East","E06000056"
"59","Ceredigion",20,0.453701374,0.744794007,NA,"Wales","W06000008"
"60","Charnwood",21,0.538079259,0.704574675,NA,"East Midlands","E07000130"
"61","Chelmsford",19,0.528295335,0.77606543,602.6,"East","E07000070"
"62","Cheltenham",17,0.438277309,0.758775557,546.8,"South West","E07000078"
"63","Cherwell",20,0.50305489,0.756050285,559.1,"South East","E07000177"
"64","Cheshire East",20,0.511760317,0.773644289,536.6,"North West","E06000049"
"65","Cheshire West and Chester",21,0.506786816,0.745091928,527.8,"North West","E06000050"
"66","Chesterfield",28,0.600410978,0.719229085,486.7,"East Midlands","E07000034"
"67","Chichester",20,0.509216816,0.779039702,540,"South East","E07000225"
"68","Chiltern",15,0.44984984,0.835662891,692.8,"South East","E07000005"
"69","Chorley",21,0.568338188,0.755260875,513.5,"North West","E07000118"
"70","Christchurch",23,0.588341385,0.792985501,597.3,"South West","E07000048"
"71","City of London",7,0.255646191,0.729559948,864.7,"Scotland","S12000036"
"72","Clackmannanshire",29,0.247101614,0.735760815,546.7,"London","E09000001"
"73","Colchester",19,0.42222834,0.672260247,531.6,"Scotland","S12000005"
"74","Conwy",26,0.535995988,0.751270389,NA,"East","E07000071"
"75","Copeland",27,0.539768564,0.717515979,714.4,"Wales","W06000003"
"76","Corby",28,0.620022663,0.700568203,467.8,"North West","E07000029"
"77","Cornwall",22,0.642467504,0.741116986,443.2,"East Midlands","E07000150"
"78","Cotswold",18,0.565167618,0.770666222,532.6,"South West","E06000052"
"79","County Durham",28,0.488973204,0.797960253,480.7,"South West","E07000079"
"80","Coventry",24,0.575460549,0.686883676,506.2,"North East","E06000047"
"81","Craven",20,0.555956985,0.69214821,450.2,"West Midlands","E08000026"
"82","Crawley",20,0.528294001,0.810175993,544.7,"Yorkshire and The Humber","E07000163"
"83","Croydon",18,0.584136714,0.73235474,602.8,"South East","E07000226"
"84","Dacorum",19,0.457074573,0.698156504,601.6,"London","E09000008"
"85","Darlington",25,0.506725106,0.792070848,484,"East","E07000096"
"86","Dartford",21,0.561831563,0.71070794,577.2,"North East","E06000005"
"87","Daventry",19,0.64219855,0.755676056,498,"South East","E07000107"
"88","Denbighshire",25,0.586014864,0.810110812,518.4,"East Midlands","E07000151"
"89","Derby",24,0.539963896,0.691436002,552.7,"Wales","W06000004"
"90","Derbyshire Dales",22,0.572234885,0.705406258,432.3,"East Midlands","E06000015"
"91","Doncaster",30,0.515643725,0.819202803,465.5,"East Midlands","E07000035"
"92","Dover",25,0.689632364,0.695601383,498.4,"Yorkshire and The Humber","E08000017"
"93","Dudley",30,0.621539313,0.765277435,499.4,"South East","E07000108"
"94","Dumfries and Galloway",33,0.67596133,0.71706146,463.1,"West Midlands","E08000027"
"95","Dundee City",27,0.469389236,0.714063727,463.3,"Scotland","S12000006"
"96","Ealing",16,0.402154101,0.629232431,562.2,"Scotland","S12000042"
"97","East Ayrshire",34,0.395978288,0.700813649,523.9,"London","E09000009"
"98","East Cambridgeshire",21,0.413985095,0.629059439,565.6,"Scotland","S12000008"
"99","East Devon",21,0.509233457,0.77072155,498.9,"East","E07000009"
"100","East Dorset",22,0.541094579,0.789419428,548.2,"South West","E07000040"
"101","East Dunbartonshire",20,0.576220763,0.813300725,617.5,"South West","E07000049"
"102","East Hampshire",17,0.286016609,0.751743325,579,"Scotland","S12000045"
"103","East Hertfordshire",17,0.494791808,0.816565108,640.6,"South East","E07000085"
"104","East Lindsey",33,0.503643137,0.804018445,462.1,"East","E07000242"
"105","East Lothian",25,0.706532049,0.749273426,558.1,"East Midlands","E07000137"
"106","East Northamptonshire",22,0.353955957,0.717334293,564.2,"Scotland","S12000010"
"107","East Renfrewshire",19,0.587628866,0.769953464,668.6,"East Midlands","E07000152"
"108","East Riding of Yorkshire",23,0.256814189,0.761322314,501.1,"Scotland","S12000011"
"109","East Staffordshire",25,0.603956464,0.748134728,476.2,"Yorkshire and The Humber","E06000011"
"110","Eastbourne",23,0.632139867,0.743914407,522.1,"West Midlands","E07000193"
"111","Eastleigh",18,0.573349519,0.747260408,547.8,"South East","E07000061"
"112","Eden",23,0.524515603,0.782771382,456.7,"South East","E07000086"
"113","Edinburgh, City of",17,0.533167287,0.758167749,554.2,"North West","E07000030"
"114","Eilean Siar",30,0.447627994,0.701773367,495.8,"Scotland","S12000013"
"115","Elmbridge",13,0.404685532,0.781468975,743.6,"South East","E07000207"
"116","Enfield",23,0.441770266,0.690851719,564,"London","E09000010"
"117","Epping Forest",24,0.626867225,0.76887698,669.9,"East","E07000072"
"118","Epsom and Ewell",16,0.479151491,0.804210564,652,"South East","E07000208"
"119","Erewash",26,0.612340298,0.759920544,507.2,"East Midlands","E07000036"
"120","Exeter",18,0.447204677,0.739171691,478.1,"South West","E07000041"
"121","Falkirk",27,0.432397991,0.675531552,514.1,"Scotland","S12000014"
"122","Fareham",18,0.550986269,0.795919046,575.7,"South East","E07000087"
"123","Fenland",31,0.713924676,0.736895881,457.7,"East","E07000010"
"124","Fife",26,0.414147734,0.66780344,467.8,"Scotland","S12000015"
"125","Flintshire",24,0.563729161,0.748973819,517.5,"Wales","W06000005"
"126","Forest Heath",26,0.649708418,0.726166065,422.7,"East","E07000201"
"127","Forest of Dean",25,0.585771547,0.774724533,524.4,"South West","E07000080"
"128","Fylde",21,0.569558066,0.755664171,520.1,"North West","E07000119"
"129","Gateshead",28,0.568474524,0.706175531,483.3,"North East","E08000037"
"130","Gedling",24,0.555544046,0.76598564,516.1,"East Midlands","E07000173"
"131","Glasgow City",32,0.334141585,0.562464707,515.8,"Scotland","S12000046"
"132","Gloucester",22,0.584976075,0.720580855,477.1,"South West","E07000081"
"133","Gosport",22,0.638584777,0.735095013,536.1,"South East","E07000088"
"134","Gravesham",24,0.653772079,0.749272058,545,"South East","E07000109"
"135","Great Yarmouth",33,0.715049473,0.690530606,448.8,"East","E07000145"
"136","Greenwich",21,0.444059132,0.695236348,601,"London","E09000011"
"137","Guildford",14,0.43832445,0.769707169,646.1,"South East","E07000209"
"138","Gwynedd",23,0.419486123,0.724150163,NA,"Wales","W06000002"
"139","Hackney",20,0.215195829,0.651760123,603.4,"London","E09000012"
"140","Halton",27,0.574217368,0.682628635,484.7,"North West","E06000006"
"141","Hambleton",20,0.536575607,0.784452398,479.5,"Yorkshire and The Humber","E07000164"
"142","Hammersmith and Fulham",13,0.299768201,0.699529004,686.1,"London","E09000013"
"143","Harborough",18,0.50748934,0.814565411,574.9,"East Midlands","E07000131"
"144","Haringey",18,0.244269977,0.706431798,576.6,"London","E09000014"
"145","Harlow",26,0.680991051,0.735555781,490.7,"East","E07000073"
"146","Harrogate",17,0.490289158,0.788960471,518,"Yorkshire and The Humber","E07000165"
"147","Harrow",17,0.453683088,0.722679606,625.7,"London","E09000015"
"148","Hart",14,0.476044641,0.826666285,708.1,"South East","E07000089"
"149","Hartlepool",31,0.695683297,0.655862157,495.2,"North East","E06000001"
"150","Hastings",25,0.548793687,0.716416224,446.1,"South East","E07000062"
"151","Havant",25,0.623639015,0.741039784,520.1,"South East","E07000090"
"152","Havering",26,0.696583409,0.760183961,626.3,"London","E09000016"
"153","Herefordshire, County of",23,0.592241618,0.783640875,459,"West Midlands","E06000019"
"154","Hertsmere",19,0.508365256,0.766205062,551.6,"East","E07000098"
"155","High Peak",21,0.505480276,0.756880544,510.9,"East Midlands","E07000037"
"156","Highland",25,0.440476854,0.716141784,488.9,"Scotland","S12000017"
"157","Hillingdon",19,0.563681196,0.689887221,605.5,"London","E09000017"
"158","Hinckley and Bosworth",24,0.603345044,0.768020632,524.1,"East Midlands","E07000132"
"159","Horsham",16,0.4854151,0.816466865,627.9,"South East","E07000227"
"160","Hounslow",17,0.48942438,0.698024841,565.7,"London","E09000018"
"161","Huntingdonshire",19,0.542375934,0.778217082,543.5,"East","E07000011"
"162","Hyndburn",28,0.66193288,0.647432385,454.5,"North West","E07000120"
"163","Inverclyde",33,0.362034214,0.660514465,518.9,"Scotland","S12000018"
"164","Ipswich",26,0.582565973,0.725151244,483.3,"East","E07000202"
"165","Isle of Wight",24,0.619463341,0.72311642,479.1,"South East","E06000046"
"166","Isles of Scilly",14,0.436095506,0.791550862,NA,"South West","E06000053"
"167","Islington",17,0.247834646,0.70391796,670.8,"London","E09000019"
"168","Kensington and Chelsea",10,0.313085734,0.659919077,762.8,"London","E09000020"
"169","Kettering",23,0.609883689,0.764361627,505.5,"East Midlands","E07000153"
"170","King's Lynn and West Norfolk",29,0.66399859,0.747497454,468.4,"East","E07000146"
"171","Kingston upon Hull, City of",32,0.67615897,0.629412417,445.9,"Yorkshire and The Humber","E06000010"
"172","Kingston upon Thames",13,0.383921661,0.784055201,701.9,"London","E09000021"
"173","Kirklees",25,0.546653471,0.7081161,484.2,"Yorkshire and The Humber","E08000034"
"174","Knowsley",35,0.515605828,0.635368617,474.9,"North West","E08000011"
"175","Lambeth",14,0.213776387,0.674392789,621.5,"London","E09000022"
"176","Lancaster",21,0.510795307,0.726858711,492.7,"North West","E07000121"
"177","Leeds",23,0.496916122,0.714008173,501.8,"Yorkshire and The Humber","E08000035"
"178","Leicester",29,0.489249633,0.651527694,421.8,"East Midlands","E06000016"
"179","Lewes",21,0.47927104,0.778916104,553.4,"South East","E07000063"
"180","Lewisham",18,0.301414765,0.630952743,606.4,"London","E09000023"
"181","Lichfield",22,0.58810329,0.787841083,593.3,"West Midlands","E07000194"
"182","Lincoln",22,0.569371668,0.693406576,477.9,"East Midlands","E07000138"
"183","Liverpool",29,0.418075793,0.640807237,517.4,"North West","E08000012"
"184","Luton",24,0.565488098,0.663229163,480.5,"East","E06000032"
"185","Maidstone",21,0.587532398,0.760226091,495.1,"South East","E07000110"
"186","Maldon",23,0.625840179,0.791677705,557.7,"East","E07000074"
"187","Malvern Hills",20,0.521558035,0.806051447,609.8,"West Midlands","E07000235"
"188","Manchester",23,0.396360015,0.597718184,535,"North West","E08000003"
"189","Mansfield",30,0.708629135,0.726180047,483.7,"East Midlands","E07000174"
"190","Medway",23,0.640791728,0.721858054,435.9,"South East","E06000035"
"191","Melton",21,0.581092229,0.813511121,553.7,"East Midlands","E07000133"
"192","Mendip",21,0.489313269,0.770078055,491.6,"South West","E07000187"
"193","Merthyr Tydfil",34,0.564385935,0.673923696,521,"Wales","W06000024"
"194","Merton",15,0.370599401,0.734914046,622.4,"London","E09000024"
"195","Mid Devon",23,0.533391659,0.793778497,453.5,"South West","E07000042"
"196","Mid Suffolk",22,0.552324916,0.781755506,479.9,"East","E07000203"
"197","Mid Sussex",15,0.469072754,0.807888135,512.3,"South East","E07000228"
"198","Middlesbrough",30,0.654796441,0.648892318,615.8,"North East","E06000002"
"199","Midlothian",29,0.379409695,0.681521316,419.4,"Scotland","S12000019"
"200","Milton Keynes",18,0.514066045,0.736613416,467.6,"South East","E06000042"
"201","Mole Valley",16,0.469158333,0.821669414,497.4,"South East","E07000210"
"202","Monmouthshire",21,0.495577926,0.77743796,533.6,"Wales","W06000021"
"203","Moray",27,0.498731967,0.674499089,597.5,"Scotland","S12000020"
"204","Neath Port Talbot",31,0.56840533,0.715674224,490.7,"Wales","W06000012"
"205","New Forest",21,0.577599785,0.792465671,537,"South East","E07000091"
"206","Newark and Sherwood",25,0.603932207,0.768600151,469.8,"East Midlands","E07000175"
"207","Newcastle upon Tyne",24,0.492996287,0.676708522,496,"North East","E08000021"
"208","Newcastle-under-Lyme",27,0.630414599,0.743039993,484.8,"West Midlands","E07000195"
"209","Newham",21,0.471551782,0.592485239,505.5,"London","E09000025"
"210","Newport",27,0.55989898,0.702134753,479.1,"Wales","W06000022"
"211","North Ayrshire",31,0.431233705,0.64594729,479.8,"Scotland","S12000021"
"212","North Devon",24,0.570384794,0.768465082,446.8,"South West","E07000043"
"213","North Dorset",20,0.564015071,0.796961117,496.3,"South West","E07000050"
"214","North East Derbyshire",27,0.627803069,0.75253313,503.7,"East Midlands","E07000038"
"215","North East Lincolnshire",30,0.698703502,0.679377827,448.7,"Yorkshire and The Humber","E06000012"
"216","North Hertfordshire",18,0.456251931,0.782764106,637.3,"East","E07000099"
"217","North Kesteven",22,0.622599737,0.784001018,509.4,"East Midlands","E07000139"
"218","North Lanarkshire",33,0.383351942,0.609053805,511,"Scotland","S12000044"
"219","North Lincolnshire",26,0.662994306,0.719248287,539.4,"Yorkshire and The Humber","E06000013"
"220","North Norfolk",27,0.589057846,0.768530669,442,"East","E07000147"
"221","North Somerset",20,0.521694447,0.774723362,551.8,"South West","E06000024"
"222","North Tyneside",24,0.534002574,0.723006758,498.3,"North East","E08000022"
"223","North Warwickshire",28,0.668835959,0.762703354,492.6,"West Midlands","E07000218"
"224","North West Leicestershire",26,0.606984777,0.779711674,500,"East Midlands","E07000134"
"225","Northampton",23,0.583836062,0.726812374,483.9,"East Midlands","E07000154"
"226","Northumberland",24,0.541061207,0.74352588,479.6,"North East","E06000057"
"227","Norwich",23,0.437573456,0.691251002,470.1,"East","E07000148"
"228","Nottingham",26,0.508391278,0.618197079,435,"East Midlands","E06000018"
"229","Nuneaton and Bedworth",28,0.660093655,0.743535721,488.7,"West Midlands","E07000219"
"230","Oadby and Wigston",23,0.545781027,0.737700309,452.9,"East Midlands","E07000135"
"231","Oldham",30,0.608632906,0.679973938,444,"North West","E08000004"
"232","Orkney Islands",28,0.368388684,0.684475927,505.2,"Scotland","S12000023"
"233","Oxford",14,0.297325732,0.723418027,559,"South East","E07000178"
"234","Pembrokeshire",25,0.571422317,0.743909717,NA,"Wales","W06000009"
"235","Pendle",28,0.631542958,0.703319181,449.5,"North West","E07000122"
"236","Perth and Kinross",23,0.389071442,0.737534475,516.9,"Scotland","S12000024"
"237","Peterborough",25,0.608934456,0.723530093,460.6,"East","E06000031"
"238","Plymouth",22,0.59943052,0.71407409,485.8,"South West","E06000026"
"239","Poole",21,0.581722217,0.753775756,500.2,"South West","E06000029"
"240","Portsmouth",21,0.580794165,0.70301814,513.7,"South East","E06000044"
"241","Powys",25,0.537404523,0.769991285,NA,"Wales","W06000023"
"242","Preston",23,0.533137694,0.687221586,435.1,"North West","E07000123"
"243","Purbeck",22,0.590738162,0.789060355,464.1,"South West","E07000051"
"244","Reading",17,0.41973063,0.725245222,566.6,"South East","E06000038"
"245","Redbridge",18,0.46025594,0.676469504,652.5,"London","E09000026"
"246","Redcar and Cleveland",28,0.661880793,0.702614726,505.5,"North East","E06000003"
"247","Redditch",25,0.622880432,0.752203545,428.9,"West Midlands","E07000236"
"248","Reigate and Banstead",17,0.504922315,0.782793957,634.6,"South East","E07000211"
"249","Renfrewshire",28,0.351870553,0.692860622,534,"Scotland","S12000038"
"250","Rhondda Cynon Taf",32,0.536962844,0.674677541,NA,"Wales","W06000016"
"251","Ribble Valley",18,0.563909774,0.790196758,542.9,"North West","E07000124"
"252","Richmond upon Thames",11,0.307060272,0.820978346,744.2,"London","E09000027"
"253","Richmondshire",19,0.567773918,0.751535576,518.5,"Yorkshire and The Humber","E07000166"
"254","Rochdale",29,0.600730401,0.659675267,463.4,"North West","E08000005"
"255","Rochford",24,0.66613915,0.78810314,577.8,"East","E07000075"
"256","Rossendale",24,0.606820146,0.724246445,481,"North West","E07000125"
"257","Rother",25,0.585288457,0.793278812,519.4,"South East","E07000064"
"258","Rotherham",30,0.67889975,0.695637654,481.3,"Yorkshire and The Humber","E08000018"
"259","Rugby",20,0.567029326,0.790334111,576.4,"West Midlands","E07000220"
"260","Runnymede",18,0.542624283,0.76067408,597.9,"South East","E07000212"
"261","Rushcliffe",16,0.424485158,0.81561556,621,"East Midlands","E07000176"
"262","Rushmoor",19,0.582123821,0.741754066,518,"South East","E07000092"
"263","Rutland",18,0.505660542,0.782102756,558.7,"East Midlands","E06000017"
"264","Ryedale",24,0.552574103,0.772207373,411.8,"Yorkshire and The Humber","E07000167"
"265","Salford",27,0.568091791,0.63296635,476.7,"North West","E08000006"
"266","Sandwell",35,0.667214473,0.665757421,453,"West Midlands","E08000028"
"267","Scarborough",26,0.619920345,0.73026538,467.9,"Yorkshire and The Humber","E07000168"
"268","Scottish Borders",28,0.415349539,0.734430122,502.5,"Scotland","S12000026"
"269","Sedgemoor",25,0.611994621,0.762957844,466.8,"South West","E07000188"
"270","Sefton",25,0.481315679,0.717263376,471,"North West","E08000014"
"271","Selby",21,0.591671027,0.791062839,526.5,"Yorkshire and The Humber","E07000169"
"272","Sevenoaks",19,0.543831469,0.806768822,595.5,"South East","E07000111"
"273","Sheffield",24,0.509902419,0.673428253,485.8,"Yorkshire and The Humber","E08000019"
"274","Shepway",25,0.622457229,0.749996909,543.8,"South East","E07000112"
"275","Shetland Islands",24,0.434871543,0.703942446,592,"Scotland","S12000027"
"276","Shropshire",23,0.568737613,0.774211531,491.8,"West Midlands","E06000051"
"277","Slough",20,0.543269407,0.621396789,540.2,"South East","E06000039"
"278","Solihull",23,0.561574416,0.760585944,593.3,"West Midlands","E08000029"
"279","South Ayrshire",29,0.410382727,0.698420264,556.3,"Scotland","S12000028"
"280","South Bucks",17,0.50699833,0.780836878,670.1,"South East","E07000006"
"281","South Cambridgeshire",15,0.397697153,0.812183227,619.5,"East","E07000012"
"282","South Derbyshire",22,0.60351001,0.767953856,509.2,"East Midlands","E07000039"
"283","South Gloucestershire",19,0.52676953,0.762412593,540.5,"South West","E06000025"
"284","South Hams",17,0.471451758,0.802737229,502.9,"South West","E07000044"
"285","South Holland",31,0.73586278,0.753687158,443.7,"East Midlands","E07000140"
"286","South Kesteven",22,0.599289447,0.782546441,475.3,"East Midlands","E07000141"
"287","South Lakeland",19,0.471445409,0.797761995,518.4,"North West","E07000031"
"288","South Lanarkshire",29,0.369169455,0.653479227,531.1,"Scotland","S12000029"
"289","South Norfolk",23,0.516949153,0.785370379,533.8,"East","E07000149"
"290","South Northamptonshire",17,0.543426815,0.794556087,613.7,"East Midlands","E07000155"
"291","South Oxfordshire",16,0.450184282,0.807504485,616.9,"South East","E07000179"
"292","South Ribble",20,0.585619233,0.75384579,482.4,"North West","E07000126"
"293","South Somerset",22,0.572451165,0.786869046,456.4,"South West","E07000189"
"294","South Staffordshire",24,0.64847358,0.778075708,545.9,"West Midlands","E07000196"
"295","South Tyneside",28,0.620455494,0.68267281,475.8,"North East","E08000023"
"296","Southampton",21,0.53803,0.68136384,502.9,"South East","E06000045"
"297","Southend-on-Sea",25,0.580824545,0.729023096,541.2,"East","E06000033"
"298","Southwark",16,0.271879971,0.662054882,644.2,"London","E09000028"
"299","Spelthorne",20,0.60299599,0.779357129,658,"South East","E07000213"
"300","St Albans",13,0.372919197,0.825069856,700.6,"East","E07000240"
"301","St Edmundsbury",22,0.56621122,0.767190812,508.9,"East","E07000204"
"302","St. Helens",28,0.580247441,0.688638902,480.1,"North West","E08000013"
"303","Stafford",20,0.559934954,0.778289764,531.3,"West Midlands","E07000197"
"304","Staffordshire Moorlands",27,0.647322624,0.753563462,498.5,"West Midlands","E07000198"
"305","Stevenage",22,0.592464781,0.737032628,543.2,"East","E07000243"
"306","Stirling",21,0.322849138,0.740257186,511.5,"Scotland","S12000030"
"307","Stockport",21,0.476668155,0.739656903,540.1,"North West","E08000007"
"308","Stockton-on-Tees",24,0.617258378,0.710034915,502.5,"North East","E06000004"
"309","Stoke-on-Trent",34,0.693621907,0.657393442,433.1,"West Midlands","E06000021"
"310","Stratford-on-Avon",19,0.515639607,0.808221275,546.3,"West Midlands","E07000221"
"311","Stroud",18,0.453904731,0.800250456,525.7,"South West","E07000082"
"312","Suffolk Coastal",21,0.529980804,0.806874077,552,"East","E07000205"
"313","Sunderland",29,0.613397457,0.648582914,455.9,"North East","E08000024"
"314","Surrey Heath",15,0.509836536,0.798090561,654.4,"South East","E07000214"
"315","Sutton",19,0.537171547,0.760079266,605.9,"London","E09000029"
"316","Swale",27,0.624602934,0.742723244,537.4,"South East","E07000113"
"317","Swansea",24,0.515090276,0.695971458,NA,"Wales","W06000011"
"318","Swindon",21,0.546585226,0.758995704,546.9,"South West","E06000030"
"319","Tameside",28,0.611363985,0.660624706,447.3,"North West","E08000008"
"320","Tamworth",27,0.674689644,0.741768588,472,"West Midlands","E07000199"
"321","Tandridge",17,0.528374173,0.803603772,636.5,"South East","E07000215"
"322","Taunton Deane",21,0.529247106,0.781628725,489.3,"South West","E07000190"
"323","Teignbridge",22,0.538961512,0.794071718,440.8,"South West","E07000045"
"324","Telford and Wrekin",25,0.632222135,0.721452814,464.4,"West Midlands","E06000020"
"325","Tendring",34,0.695004658,0.744150692,493.5,"East","E07000076"
"326","Test Valley",18,0.519405801,0.796497425,603.1,"South East","E07000093"
"327","Tewkesbury",19,0.532468501,0.791467028,565.8,"South West","E07000083"
"328","Thanet",28,0.638498239,0.727953344,439.5,"South East","E07000114"
"329","Three Rivers",20,0.512734635,0.785069754,611.1,"East","E07000102"
"330","Thurrock",18,0.722821463,0.727535784,563.7,"East","E06000034"
"331","Tonbridge and Malling",26,0.556990584,0.796245928,640.8,"South East","E07000115"
"332","Torbay",20,0.63158103,0.73686153,421.6,"South West","E06000027"
"333","Torfaen",26,0.597810734,0.698580275,NA,"Wales","W06000020"
"334","Torridge",29,0.60826957,0.784043418,453.1,"South West","E07000046"
"335","Tower Hamlets",25,0.325440015,0.64594804,637,"London","E09000030"
"336","Trafford",20,0.423091349,0.758648227,565.6,"North West","E08000009"
"337","Tunbridge Wells",19,0.451104683,0.791508986,565.1,"South East","E07000116"
"338","Uttlesford",17,0.506786285,0.802842357,605.4,"East","E07000077"
"339","Vale of Glamorgan",18,0.492718749,0.761459199,NA,"Wales","W06000014"
"340","Vale of White Horse",17,0.433010671,0.811815382,600.9,"South East","E07000180"
"341","Wakefield",31,0.663640726,0.712157044,460.3,"Yorkshire and The Humber","E08000036"
"342","Walsall",34,0.678622796,0.696783735,475.9,"West Midlands","E08000030"
"343","Waltham Forest",21,0.408978268,0.666873232,546.1,"London","E09000031"
"344","Wandsworth",12,0.249683312,0.719830905,718.5,"London","E09000032"
"345","Warrington",21,0.542685681,0.733599929,545.6,"North West","E06000007"
"346","Warwick",16,0.412188488,0.792393719,571.6,"West Midlands","E07000222"
"347","Watford",17,0.502704675,0.716799877,610.5,"East","E07000103"
"348","Waveney",30,0.628979679,0.726698454,477.1,"East","E07000206"
"349","Waverley",15,0.416120197,0.823471411,689.8,"South East","E07000216"
"350","Wealden",20,0.545019197,0.800373119,569.9,"South East","E07000065"
"351","Wellingborough",26,0.624170535,0.754544455,499.5,"East Midlands","E07000156"
"352","Welwyn Hatfield",17,0.529943696,0.750403092,577.2,"East","E07000241"
"353","West Berkshire",17,0.482187463,0.799480973,599.8,"South East","E06000037"
"354","West Devon",20,0.532012923,0.812655455,475.7,"South West","E07000047"
"355","West Dorset",20,0.510300502,0.794884917,500.3,"South West","E07000052"
"356","West Dunbartonshire",33,0.38005553,0.639766255,500.3,"Scotland","S12000039"
"357","West Lancashire",23,0.553053907,0.744669944,503.5,"North West","E07000127"
"358","West Lindsey",23,0.618176173,0.745329868,527.9,"East Midlands","E07000142"
"359","West Lothian",26,0.417453789,0.676387245,498.3,"Scotland","S12000040"
"360","West Oxfordshire",18,0.463446575,0.797164032,566.6,"South East","E07000181"
"361","West Somerset",25,0.605870986,0.79161511,512.7,"South West","E07000191"
"362","Westminster",13,0.310348355,0.649870565,764.4,"London","E09000033"
"363","Weymouth and Portland",23,0.610430009,0.758712977,491.4,"South West","E07000053"
"364","Wigan",27,0.638997262,0.692345179,503.4,"North West","E08000010"
"365","Wiltshire",19,0.524886204,0.788700195,518,"South West","E06000054"
"366","Winchester",15,0.410725084,0.812556504,647.8,"South East","E07000094"
"367","Windsor and Maidenhead",16,0.460998631,0.797399308,694.5,"South East","E06000040"
"368","Wirral",23,0.482959302,0.709644306,518.2,"North West","E08000015"
"369","Woking",15,0.438492602,0.774907801,614.9,"South East","E07000217"
"370","Wokingham",13,0.433113507,0.800313395,679.2,"South East","E06000041"
"371","Wolverhampton",31,0.625746167,0.675423438,434.2,"West Midlands","E08000031"
"372","Worcester",21,0.536772433,0.738465096,524.1,"West Midlands","E07000237"
"373","Worthing",21,0.529853665,0.754644648,522.3,"South East","E07000229"
"374","Wrexham",27,0.590398772,0.715634656,NA,"Wales","W06000006"
"375","Wychavon",22,0.578630431,0.808755834,522.2,"West Midlands","E07000238"
"376","Wycombe",17,0.480314379,0.757376657,611.3,"South East","E07000007"
"377","Wyre",26,0.63772051,0.746149566,494,"North West","E07000128"
"378","Wyre Forest",28,0.631454747,0.740465857,500.2,"West Midlands","E07000239"
"379","York",18,0.41955292,0.706967781,496,"Yorkshire and The Humber","E06000014"
